{
  "Slice 1": {
    "midpoint": {
      "x": 46.052710479954214,
      "y": 47.72965914622088
    },
    "timestamp": "2025-01-14T17:18:46.892027",
    "length_um": 110.53310837175492,
    "type": "linear",
    "endpoints": {
      "end": {
        "x": 4.408491506903552,
        "y": 84.06354192394141
      },
      "start": {
        "x": 87.69692945300487,
        "y": 11.395776368500348
      }
    },
    "angle_deg": -138.8958476598054
  }
}