{
  "Slice 1": {
    "timestamp": "2025-01-14T17:17:31.767387",
    "length_um": 111.41845811385615,
    "angle_deg": -130.45579510401595,
    "endpoints": {
      "start": {
        "x": 84.34303620433661,
        "y": 4.687982724399937
      },
      "end": {
        "x": 12.047923336743455,
        "y": 89.46704537509858
      }
    },
    "type": "linear",
    "midpoint": {
      "x": 48.19547977054003,
      "y": 47.07751404974926
    }
  }
}