{
  "Slice 1": {
    "endpoints": {
      "end": {
        "y": 89.46704537509858,
        "x": 12.047923336743455
      },
      "start": {
        "y": 4.687982724399937,
        "x": 84.34303620433661
      }
    },
    "type": "linear",
    "timestamp": "2025-01-14T17:17:24.282205",
    "length_um": 111.41845811385615,
    "angle_deg": -130.45579510401595,
    "midpoint": {
      "y": 47.07751404974926,
      "x": 48.19547977054003
    }
  }
}